"sin(x) on [0,pi]",100,0.0183599006127,0.917995030633
"sin(x) on [0,pi]",500,0.0283972808391,1.41986404196
"sin(x) on [0,pi]",1000,0.0483049590999,2.415247955
"sin(x) on [0,pi]",5000,0.0161272194724,0.806360973619
"sin(x) on [0,pi]",10000,0.0068574027066,0.34287013533
"sin(x) on [0,pi]",20000,0.0088582670199,0.442913350995
"sin(x) on [0,pi]",50000,0.00445189701365,0.222594850683
"sin(x) on [0,pi]",100000,0.00155917375092,0.0779586875462
"sin(x) on [0,pi]",200000,0.000518388503953,0.0259194251977
"sin(x) on [0,pi]",500000,7.99705307983e-005,0.00399852653992
"x^2 on [0,1]",100,0.0121314712962,3.63944138886
"x^2 on [0,1]",500,0.00205152477913,0.615457433738
"x^2 on [0,1]",1000,0.00221301898565,0.663905695696
"x^2 on [0,1]",5000,0.000271893375157,0.0815680125472
"x^2 on [0,1]",10000,0.000179784926037,0.053935477811
"x^2 on [0,1]",20000,0.00163900412739,0.491701238216
"x^2 on [0,1]",50000,0.000187856592082,0.0563569776246
"x^2 on [0,1]",100000,0.000847303280852,0.254190984256
"x^2 on [0,1]",200000,0.000396824020691,0.119047206207
"x^2 on [0,1]",500000,6.72591948963e-005,0.0201777584689
"sin(x) on [0,pi]",100,0.0183599006127,0.917995030633
"sin(x) on [0,pi]",500,0.0283972808391,1.41986404196
"sin(x) on [0,pi]",1000,0.0483049590999,2.415247955
"sin(x) on [0,pi]",5000,0.0161272194724,0.806360973619
"sin(x) on [0,pi]",10000,0.0068574027066,0.34287013533
"sin(x) on [0,pi]",20000,0.0088582670199,0.442913350995
"sin(x) on [0,pi]",50000,0.00445189701365,0.222594850683
"sin(x) on [0,pi]",100000,0.00155917375092,0.0779586875462
"sin(x) on [0,pi]",200000,0.000518388503953,0.0259194251977
"sin(x) on [0,pi]",500000,7.99705307983e-005,0.00399852653992
"exp(-x^2) on [0,1]",100,0.00819802101076,1.09771774245
"exp(-x^2) on [0,1]",500,0.00176652624498,0.236538452276
"exp(-x^2) on [0,1]",1000,0.00249721162515,0.334377467924
"exp(-x^2) on [0,1]",5000,0.000840947521574,0.112603153089
"exp(-x^2) on [0,1]",10000,0.000575955364726,0.0771206150713
"exp(-x^2) on [0,1]",20000,0.000840031864107,0.112480546249
"exp(-x^2) on [0,1]",50000,0.000225799247017,0.0302345943437
"exp(-x^2) on [0,1]",100000,0.000592682463942,0.0793603792248
"exp(-x^2) on [0,1]",200000,0.000286685870605,0.0383873335112
"exp(-x^2) on [0,1]",500000,6.03779129625e-005,0.00808462264538
"sqrt(x) on [0,1]",100,0.0171201695603,2.56802543405
"sqrt(x) on [0,1]",500,0.00162183475775,0.243275213662
"sqrt(x) on [0,1]",1000,0.00634813905392,0.952220858088
"sqrt(x) on [0,1]",5000,0.00116219416469,0.174329124703
"sqrt(x) on [0,1]",10000,0.000182071918734,0.02731078781
"sqrt(x) on [0,1]",20000,0.000594780187947,0.089217028192
"sqrt(x) on [0,1]",50000,0.000595549023345,0.0893323535018
"sqrt(x) on [0,1]",100000,0.000865066751418,0.129760012713
"sqrt(x) on [0,1]",200000,0.000370402497184,0.0555603745776
"sqrt(x) on [0,1]",500000,4.1519881722e-005,0.00622798225829
"ln(1+x) on [0,1]",100,0.0106035714473,2.7449459569
"ln(1+x) on [0,1]",500,0.000482612551268,0.124933884582
"ln(1+x) on [0,1]",1000,0.00474498555879,1.22833415042
"ln(1+x) on [0,1]",5000,0.00120685570825,0.312418670766
"ln(1+x) on [0,1]",10000,0.00051433985601,0.133147130214
"ln(1+x) on [0,1]",20000,0.000525557923417,0.136051150706
"ln(1+x) on [0,1]",50000,0.000437117471578,0.113156575807
"ln(1+x) on [0,1]",100000,0.000691385982198,0.178979051155
"ln(1+x) on [0,1]",200000,0.000305932680031,0.0791967760398
"ln(1+x) on [0,1]",500000,4.82420575158e-005,0.0124884187737
"1/(1+x^2) on [0,1]",100,0.00644287294917,0.820332062058
"1/(1+x^2) on [0,1]",500,0.0012516259789,0.159361969156
"1/(1+x^2) on [0,1]",1000,0.00246035379514,0.313261974601
"1/(1+x^2) on [0,1]",5000,0.000876323057178,0.111576917036
"1/(1+x^2) on [0,1]",10000,0.000576495226214,0.0734016519367
"1/(1+x^2) on [0,1]",20000,0.000581695075311,0.0740637172864
"1/(1+x^2) on [0,1]",50000,0.000220913455748,0.0281275747823
"1/(1+x^2) on [0,1]",100000,0.000486405003988,0.0619310085834
"1/(1+x^2) on [0,1]",200000,0.000235624406279,0.0300006311779
"1/(1+x^2) on [0,1]",500000,5.13789816246e-005,0.00654177511726
"cos(5x) on [0,1]",100,0.0076269770447,3.97684011461
"cos(5x) on [0,1]",500,0.00309129827112,1.61185734515
"cos(5x) on [0,1]",1000,0.032813230544,17.109396128
"cos(5x) on [0,1]",5000,0.0151356035645,7.89197018178
"cos(5x) on [0,1]",10000,0.00920902931811,4.80175002419
"cos(5x) on [0,1]",20000,0.00426950773441,2.22619650332
"cos(5x) on [0,1]",50000,0.00288118258337,1.50229932618
"cos(5x) on [0,1]",100000,0.00178718654876,0.931870532421
"cos(5x) on [0,1]",200000,0.000917521058949,0.478411634366
"cos(5x) on [0,1]",500000,0.000340693994468,0.177643847106
"x^2 on [0,1]",100,0.011118367513,3.33551025391
"x^2 on [0,1]",500,0.00240910085042,0.722730255127
"x^2 on [0,1]",1000,0.00122416337331,0.367249011993
"x^2 on [0,1]",5000,0.000338263659676,0.101479097903
"x^2 on [0,1]",10000,0.000170184572165,0.0510553716495
"x^2 on [0,1]",20000,8.53102427752e-005,0.0255930728326
"x^2 on [0,1]",50000,4.19634489047e-005,0.0125890346714
"x^2 on [0,1]",100000,2.10043134053e-005,0.00630129402159
"x^2 on [0,1]",200000,1.05061471999e-005,0.00315184415997
"x^2 on [0,1]",500000,4.22127566863e-006,0.00126638270059
"x^2 on [0,1]",100,0.011118367513,3.33551025391
"x^2 on [0,1]",500,0.00240910085042,0.722730255127
"x^2 on [0,1]",1000,0.00122416337331,0.367249011993
"x^2 on [0,1]",5000,0.000338263659676,0.101479097903
"x^2 on [0,1]",10000,0.000170184572165,0.0510553716495
"x^2 on [0,1]",20000,8.53102427752e-005,0.0255930728326
"x^2 on [0,1]",50000,4.19634489047e-005,0.0125890346714
"x^2 on [0,1]",100000,2.10043134053e-005,0.00630129402159
"x^2 on [0,1]",200000,1.05061471999e-005,0.00315184415997
"x^2 on [0,1]",500000,4.22127566863e-006,0.00126638270059
"sin(x) on [0,pi]",100,0.0118825351762,0.594126758808
"sin(x) on [0,pi]",500,0.00370391637492,0.185195818746
"sin(x) on [0,pi]",1000,0.000964010571766,0.0482005285883
"sin(x) on [0,pi]",5000,0.000108645796808,0.0054322898404
"sin(x) on [0,pi]",10000,2.73831076245e-005,0.00136915538123
"sin(x) on [0,pi]",20000,6.85965496139e-006,0.000342982748069
"sin(x) on [0,pi]",50000,7.90480978541e-006,0.00039524048927
"sin(x) on [0,pi]",100000,1.98081767788e-006,9.90408838941e-005
"sin(x) on [0,pi]",200000,4.9549308212e-007,2.4774654106e-005
"sin(x) on [0,pi]",500000,2.72400064283e-007,1.36200032141e-005
"exp(-x^2) on [0,1]",100,0.00701852468295,0.939782791502
"exp(-x^2) on [0,1]",500,0.00149490246418,0.200167937605
"exp(-x^2) on [0,1]",1000,0.000769393605075,0.103022059849
"exp(-x^2) on [0,1]",5000,0.000214233880964,0.0286859879791
"exp(-x^2) on [0,1]",10000,0.000107719580094,0.0144236876342
"exp(-x^2) on [0,1]",20000,5.39669767187e-005,0.00722619614814
"exp(-x^2) on [0,1]",50000,2.6524630282e-005,0.00355165682476
"exp(-x^2) on [0,1]",100000,1.32783228274e-005,0.00177797184692
"exp(-x^2) on [0,1]",200000,6.64159295494e-006,0.00088931150764
"exp(-x^2) on [0,1]",500000,2.67018704048e-006,0.00035753893362
"sqrt(x) on [0,1]",100,0.00761974939323,1.14296240898
"sqrt(x) on [0,1]",500,0.00143445281129,0.215167921693
"sqrt(x) on [0,1]",1000,0.000865707868895,0.129856180334
"sqrt(x) on [0,1]",5000,0.000287562485169,0.0431343727753
"sqrt(x) on [0,1]",10000,0.000151823081567,0.0227734622351
"sqrt(x) on [0,1]",20000,7.87371591541e-005,0.0118105738731
"sqrt(x) on [0,1]",50000,3.73280806508e-005,0.00559921209762
"sqrt(x) on [0,1]",100000,1.93544478558e-005,0.00290316717838
"sqrt(x) on [0,1]",200000,9.92109223619e-006,0.00148816383543
"sqrt(x) on [0,1]",500000,3.96829806926e-006,0.000595244710389
"ln(1+x) on [0,1]",100,0.00668342017746,1.73013661346
"ln(1+x) on [0,1]",500,0.00135301805708,0.350255709962
"ln(1+x) on [0,1]",1000,0.00075982374228,0.196695530341
"ln(1+x) on [0,1]",5000,0.000224301406139,0.0580648926608
"ln(1+x) on [0,1]",10000,0.000115283030479,0.0298433117545
"ln(1+x) on [0,1]",20000,5.84449921311e-005,0.015129651896
"ln(1+x) on [0,1]",50000,2.8322502515e-005,0.00733184466708
"ln(1+x) on [0,1]",100000,1.43628746943e-005,0.00371811658153
"ln(1+x) on [0,1]",200000,7.23260927948e-006,0.00187230516607
"ln(1+x) on [0,1]",500000,2.89864051145e-006,0.000750370909647
"1/(1+x^2) on [0,1]",100,0.00551902972663,0.702704689651
"1/(1+x^2) on [0,1]",500,0.00116876219703,0.148811424765
"1/(1+x^2) on [0,1]",1000,0.000606614918487,0.0772366102644
"1/(1+x^2) on [0,1]",5000,0.000169375644287,0.0215655768221
"1/(1+x^2) on [0,1]",10000,8.52086833008e-005,0.0108491065133
"1/(1+x^2) on [0,1]",20000,4.26912481017e-005,0.00543561852972
"1/(1+x^2) on [0,1]",50000,2.09750767731e-005,0.00267062972014
"1/(1+x^2) on [0,1]",100000,1.05024866256e-005,0.00133721812898
"1/(1+x^2) on [0,1]",200000,5.25340637769e-006,0.000668884474464
"1/(1+x^2) on [0,1]",500000,2.11227574498e-006,0.000268943300789
"cos(5x) on [0,1]",100,0.00627823451329,3.27358201225
"cos(5x) on [0,1]",500,0.000915635610462,0.477428528328
"cos(5x) on [0,1]",1000,0.000760342403942,0.396455916297
"cos(5x) on [0,1]",5000,0.000239948076073,0.125113151483
"cos(5x) on [0,1]",10000,0.000122674647069,0.0639647208389
"cos(5x) on [0,1]",20000,6.1474891599e-005,0.0320540908304
"cos(5x) on [0,1]",50000,2.97734021305e-005,0.0155243760729
"cos(5x) on [0,1]",100000,1.50247169174e-005,0.00783415193169
"cos(5x) on [0,1]",200000,7.52689430508e-006,0.00392465521207
"cos(5x) on [0,1]",500000,3.04069655446e-006,0.00158547271917
"x^2 on [0,1]",100,0.011118367513,3.33551025391
"x^2 on [0,1]",500,0.00240910085042,0.722730255127
"x^2 on [0,1]",1000,0.00122416337331,0.367249011993
"x^2 on [0,1]",5000,0.000338263659676,0.101479097903
"x^2 on [0,1]",10000,0.000170184572165,0.0510553716495
"x^2 on [0,1]",20000,8.53102427752e-005,0.0255930728326
"x^2 on [0,1]",50000,4.19634489047e-005,0.0125890346714
"x^2 on [0,1]",100000,2.10043134053e-005,0.00630129402159
"x^2 on [0,1]",200000,1.05061471999e-005,0.00315184415997
"x^2 on [0,1]",500000,4.22127566863e-006,0.00126638270059
"x^2 on [0,1]",100,0.011118367513,3.33551025391
"x^2 on [0,1]",500,0.00240910085042,0.722730255127
"x^2 on [0,1]",1000,0.00122416337331,0.367249011993
"x^2 on [0,1]",5000,0.000338263659676,0.101479097903
"x^2 on [0,1]",10000,0.000170184572165,0.0510553716495
"x^2 on [0,1]",20000,8.53102427752e-005,0.0255930728326
"x^2 on [0,1]",50000,4.19634489047e-005,0.0125890346714
"x^2 on [0,1]",100000,2.10043134053e-005,0.00630129402159
"x^2 on [0,1]",200000,1.05061471999e-005,0.00315184415997
"x^2 on [0,1]",500000,4.22127566863e-006,0.00126638270059
"sin(x) on [0,pi]",100,0.0118825351762,0.594126758808
"sin(x) on [0,pi]",500,0.00370391637492,0.185195818746
"sin(x) on [0,pi]",1000,0.000964010571766,0.0482005285883
"sin(x) on [0,pi]",5000,0.000108645796808,0.0054322898404
"sin(x) on [0,pi]",10000,2.73831076245e-005,0.00136915538123
"sin(x) on [0,pi]",20000,6.85965496139e-006,0.000342982748069
"sin(x) on [0,pi]",50000,7.90480978541e-006,0.00039524048927
"sin(x) on [0,pi]",100000,1.98081767788e-006,9.90408838941e-005
"sin(x) on [0,pi]",200000,4.9549308212e-007,2.4774654106e-005
"sin(x) on [0,pi]",500000,2.72400064283e-007,1.36200032141e-005
"exp(-x^2) on [0,1]",100,0.00701852468295,0.939782791502
"exp(-x^2) on [0,1]",500,0.00149490246418,0.200167937605
"exp(-x^2) on [0,1]",1000,0.000769393605075,0.103022059849
"exp(-x^2) on [0,1]",5000,0.000214233880964,0.0286859879791
"exp(-x^2) on [0,1]",10000,0.000107719580094,0.0144236876342
"exp(-x^2) on [0,1]",20000,5.39669767187e-005,0.00722619614814
"exp(-x^2) on [0,1]",50000,2.6524630282e-005,0.00355165682476
"exp(-x^2) on [0,1]",100000,1.32783228274e-005,0.00177797184692
"exp(-x^2) on [0,1]",200000,6.64159295494e-006,0.00088931150764
"exp(-x^2) on [0,1]",500000,2.67018704048e-006,0.00035753893362
"sqrt(x) on [0,1]",100,0.00761974939323,1.14296240898
"sqrt(x) on [0,1]",500,0.00143445281129,0.215167921693
"sqrt(x) on [0,1]",1000,0.000865707868895,0.129856180334
"sqrt(x) on [0,1]",5000,0.000287562485169,0.0431343727753
"sqrt(x) on [0,1]",10000,0.000151823081567,0.0227734622351
"sqrt(x) on [0,1]",20000,7.87371591541e-005,0.0118105738731
"sqrt(x) on [0,1]",50000,3.73280806508e-005,0.00559921209762
"sqrt(x) on [0,1]",100000,1.93544478558e-005,0.00290316717838
"sqrt(x) on [0,1]",200000,9.92109223619e-006,0.00148816383543
"sqrt(x) on [0,1]",500000,3.96829806926e-006,0.000595244710389
"ln(1+x) on [0,1]",100,0.00668342017746,1.73013661346
"ln(1+x) on [0,1]",500,0.00135301805708,0.350255709962
"ln(1+x) on [0,1]",1000,0.00075982374228,0.196695530341
"ln(1+x) on [0,1]",5000,0.000224301406139,0.0580648926608
"ln(1+x) on [0,1]",10000,0.000115283030479,0.0298433117545
"ln(1+x) on [0,1]",20000,5.84449921311e-005,0.015129651896
"ln(1+x) on [0,1]",50000,2.8322502515e-005,0.00733184466708
"ln(1+x) on [0,1]",100000,1.43628746943e-005,0.00371811658153
"ln(1+x) on [0,1]",200000,7.23260927948e-006,0.00187230516607
"ln(1+x) on [0,1]",500000,2.89864051145e-006,0.000750370909647
"1/(1+x^2) on [0,1]",100,0.00551902972663,0.702704689651
"1/(1+x^2) on [0,1]",500,0.00116876219703,0.148811424765
"1/(1+x^2) on [0,1]",1000,0.000606614918487,0.0772366102644
"1/(1+x^2) on [0,1]",5000,0.000169375644287,0.0215655768221
"1/(1+x^2) on [0,1]",10000,8.52086833008e-005,0.0108491065133
"1/(1+x^2) on [0,1]",20000,4.26912481017e-005,0.00543561852972
"1/(1+x^2) on [0,1]",50000,2.09750767731e-005,0.00267062972014
"1/(1+x^2) on [0,1]",100000,1.05024866256e-005,0.00133721812898
"1/(1+x^2) on [0,1]",200000,5.25340637769e-006,0.000668884474464
"1/(1+x^2) on [0,1]",500000,2.11227574498e-006,0.000268943300789
"cos(5x) on [0,1]",100,0.00627823451329,3.27358201225
"cos(5x) on [0,1]",500,0.000915635610462,0.477428528328
"cos(5x) on [0,1]",1000,0.000760342403942,0.396455916297
"cos(5x) on [0,1]",5000,0.000239948076073,0.125113151483
"cos(5x) on [0,1]",10000,0.000122674647069,0.0639647208389
"cos(5x) on [0,1]",20000,6.1474891599e-005,0.0320540908304
"cos(5x) on [0,1]",50000,2.97734021305e-005,0.0155243760729
"cos(5x) on [0,1]",100000,1.50247169174e-005,0.00783415193169
"cos(5x) on [0,1]",200000,7.52689430508e-006,0.00392465521207
"cos(5x) on [0,1]",500000,3.04069655446e-006,0.00158547271917
